time,Ax_filt,Ay_filt,Az_filt
0.0,0.0713614479548984,-0.02536635446400277,-0.23928394688233484
0.0012515605493133583,0.07158556229075422,-0.025521080867983017,-0.23986729230599818
0.0025031210986267167,0.07192100188420407,-0.025674595068453907,-0.24043914753973974
0.003754681647940075,0.07236983041023927,-0.02582475995830361,-0.2409908225086744
0.005006242197253433,0.07293057267573831,-0.025969455882528875,-0.24151376280043815
0.006257802746566792,0.0735978637242086,-0.02610664272496676,-0.24199981360412454
0.00750936329588015,0.07436226307824492,-0.02623442370861041,-0.24244149206096122
0.00876092384519351,0.07521027667954704,-0.026351112159305932,-0.24283225339049697
0.010012484394506867,0.07612464875133823,-0.026455300282709385,-0.24316672945656945
0.011264044943820224,0.07708500161901784,-0.02654592457305249,-0.24344091916468458
0.012515605493133583,0.07806886286284118,-0.02662231824798126,-0.24365231848254068
0.013767166042446943,0.07905298458869586,-0.026684241845226844,-0.24379999106653885
0.0150187265917603,0.08001472146984592,-0.026731889061161175,-0.24388458792660359
0.016270287141073658,0.08093322841524837,-0.026765870034032028,-0.24390831898585252
0.01752184769038702,0.08179034309836204,-0.026787174987196665,-0.243874869859069
0.018773408239700376,0.08257111798898324,-0.02679711989156572,-0.24378925507262872
0.020024968789013733,0.08326401994221166,-0.02679727560291068,-0.2436576048814091
0.02127652933832709,0.08386084534723097,-0.02678938348004072,-0.24348689265228624
0.02252808988764045,0.08435641963299184,-0.02677526310310118,-0.2432846197877137
0.02377965043695381,0.08474816034124545,-0.026756719535685418,-0.24305848258975818
0.025031210986267167,0.08503558398561378,-0.026735456757160648,-0.24281604858772607
0.026282771535580524,0.08521983123019769,-0.026713001709378757,-0.24256446786724042
0.027534332084893885,0.08530327026208705,-0.026690643217585783,-0.24231023912398905
0.028785892634207243,0.08528921532692893,-0.026669391509549646,-0.24205904295504482
0.0300374531835206,0.0851817741565359,-0.026649963456313566,-0.24181564733258887
0.03128901373283396,0.08498581863701475,-0.026632794945484664,-0.24158388284970989
0.032540574282147315,0.0847070562852603,-0.026618077172953416,-0.24136667910178272
0.03379213483146067,0.0843521655864205,-0.02660580995267561,-0.24116614810875342
0.03504369538077404,0.08392894508011413,-0.02659586285648147,-0.24098369574797082
0.036295255930087394,0.08344641613760012,-0.02658803433520115,-0.2408201401760809
0.03754681647940075,0.0829148219378087,-0.02658210039974695,-0.24067581947910807
0.03879837702871411,0.08234548638977868,-0.02657784783820567,-0.24055067789996326
0.04004993757802747,0.08175052983817346,-0.026575091035670236,-0.24044432781215994
0.041301498127340824,0.08114246873272998,-0.026573674623469386,-0.24035609092664312
0.04255305867665418,0.08053374431560684,-0.0265734659497663,-0.24028502575347888
0.04380461922596754,0.07993623264891082,-0.026574342198312225,-0.24022994931837444
0.0450561797752809,0.07936079088761662,-0.026576177002770342,-0.24018946094259638
0.04630774032459426,0.07881689039597868,-0.026578830494788142,-0.24016197406590084
0.04755930087390762,0.07831236925827186,-0.026582144769070358,-0.24014575746228667
0.048810861423220976,0.07785331212252562,-0.026585944443855442,-0.2401389841711472
0.050062421972534334,0.07744405023810907,-0.026590041195707067,-0.24013978956161108
0.05131398252184769,0.07708726700975436,-0.026594241853180437,-0.24014634220556058
0.05256554307116105,0.07678418450958079,-0.026598359873096614,-0.24015692557981846
0.053817103620474406,0.07653479889394971,-0.026602229563772898,-0.24017002154386885
0.05506866416978777,0.0763381331056777,-0.026605721957363115,-0.24018438546855592
0.05632022471910113,0.07619248126330572,-0.026608760536660767,-0.24019910631771327
0.057571785268414485,0.07609562794619033,-0.026611334554502188,-0.2402136493166502
0.05882334581772784,0.07604503345141637,-0.02661350825858203,-0.2402278819954997
0.0600749063670412,0.07603798057932576,-0.026615425372010424,-0.24024208486896462
0.06132646691635456,0.07607168063437271,-0.026617308753539713,-0.24025694627637112
0.06257802746566792,0.07614333714536366,-0.02661945527215781,-0.240273539514311
0.06382958801498127,0.07625016635444032,-0.026622225927731977,-0.24029328097812547
0.06508114856429463,0.07638937623110152,-0.026626031249704266,-0.24031787024615917
0.06633270911360799,0.07655811202710218,-0.026631312126524344,-0.24034921585405977
0.06758426966292135,0.07675338341680912,-0.026638516808371742,-0.24038935241289888
0.0688358302122347,0.07697199107857418,-0.026648075885470492,-0.2404403546850117
0.07008739076154807,0.07721046765721142,-0.026660377646640428,-0.24050425271213383
0.07133895131086143,0.07746504183891506,-0.026675745671964932,-0.24058295013721098
0.07259051186017479,0.07773162708418323,-0.02669441950510566,-0.24067814651846972
0.07384207240948815,0.07800583094890473,-0.026716538711955076,-0.24079126393324474
0.0750936329588015,0.07828297884576021,-0.02674213056203766,-0.24092337734813815
0.07634519350811486,0.078558145001702,-0.026771101502252002,-0.24107514708828295
0.07759675405742822,0.07882618162451518,-0.02680323206385302,-0.24124675177515129
0.07884831460674158,0.07908173791318905,-0.026838173851338264,-0.241437821198271
0.08009987515605493,0.07931926364516685,-0.02687544673204087,-0.24164736934351913
0.08135143570536829,0.07953299578958,-0.026914434971636685,-0.24187372809606011
0.08260299625468165,0.0797169324335939,-0.026954382145701797,-0.24211448346868317
0.083854556803995,0.07986480626578739,-0.026994385387145433,-0.24236641926269872
0.08510611735330836,0.07997007622183532,-0.027033390249611256,-0.24262547563502038
0.08635767790262172,0.08002595694918327,-0.027070188523535172,-0.24288673002297176
0.08760923845193508,0.08002549997752909,-0.027103421920502125,-0.24314440583551133
0.08886079900124844,0.0799617303222637,-0.027131593828836936,-0.24339191105513058
0.0901123595505618,0.07982783175417525,-0.02715308968461426,-0.24362190532355713
0.09136392009987516,0.07961736534212988,-0.027166204823001305,-0.24382639251321098
0.09261548064918852,0.07932450143552719,-0.027169177900758717,-0.24399683713075765
0.09386704119850188,0.07894424685830077,-0.027160228458003064,-0.24412430529255888
0.09511860174781524,0.07847265442269971,-0.027137598102921885,-0.24419963224131694
0.0963701622971286,0.0779070073533775,-0.027099595112537213,-0.2442136172711843
0.09762172284644195,0.07724597546139034,-0.027044641597694152,-0.24415724348930246
0.09887328339575531,0.07648974154762878,-0.02697132112947339,-0.2440219154535103
0.10012484394506867,0.0756400944047254,-0.026878423911910157,-0.2437997040120475
0.10137640449438202,0.07470048103370007,-0.026764987025732156,-0.24348358556217845
0.10262796504369538,0.07367601030561079,-0.026630328614341153,-0.2430676634909397
0.10387952559300874,0.07257340678216506,-0.026474076211831683,-0.24254736288870882
0.1051310861423221,0.07140092330836428,-0.026296189799439613,-0.24191959354525447
0.10638264669163545,0.07016822609606026,-0.02609697927775854,-0.2411828789097746
0.10763420724094881,0.06888626229516025,-0.025877114789711504,-0.2403374502568716
0.10888576779026217,0.06756711053711831,-0.02563762800421653,-0.2393853056556816
0.11013732833957554,0.06622380649646699,-0.02537990319394109,-0.23833023239765425
0.1113888888888889,0.06487013512760284,-0.02510565802209363,-0.2371777910647975
0.11264044943820226,0.06352039053626674,-0.024816915398234638,-0.23593526141241722
0.11389200998751561,0.06218911672641937,-0.024515969692819415,-0.23461155414543994
0.11514357053682897,0.060890848573373825,-0.024205351512045382,-0.2332170954967882
0.11639513108614233,0.059639869189614364,-0.0238877938575412,-0.23176369155627174
0.11764669163545569,0.0584499914332519,-0.02356620022518333,-0.23026437842899386
0.11889825218476904,0.057334365082291616,-0.023243614008856606,-0.22873326451756215
0.1201498127340824,0.056305312375643825,-0.022923188703314078,-0.22718537161554145
0.12140137328339576,0.0553741999502367,-0.022608158920330503,-0.2256364801178212
0.12265293383270912,0.0545513552798232,-0.02230181221850649,-0.2241029795854599
0.12390449438202247,0.05384602682208143,-0.022007461201049697,-0.2226017200897635
0.12515605493133583,0.05326637823756448,-0.021728415070628424,-0.2211498555773973
0.1264076154806492,0.05281950879439465,-0.02146795031062661,-0.21976467143342038
0.12765917602996255,0.05251149918190162,-0.021229280924345877,-0.21846339343550247
0.1289107365792759,0.05234748385573212,-0.021015528896089517,-0.2172629797561119
0.13016229712858926,0.05233175049356334,-0.020829695124158432,-0.2161798990307338
0.13141385767790262,0.052467866922391006,-0.020674630362534748,-0.21522989588405744
0.13266541822721598,0.05275883028909491,-0.020553004925957706,-0.21442774242779244
0.13391697877652933,0.0532072240124972,-0.020467275756151527,-0.2137869741644979
0.1351685393258427,0.05381536258842402,-0.020419650376706074,-0.21331961317982784
0.13642009987515605,0.054585404118291665,-0.020412048350050973,-0.2130358875668454
0.1376716604244694,0.055519413750566696,-0.020446061393038333,-0.21294396136231555
0.13892322097378276,0.056619368522503426,-0.020522913883860537,-0.21304969200767424
0.14017478152309615,0.0578871086109298,-0.02064342609798427,-0.21335642920252873
0.1414263420724095,0.05932425838052388,-0.02080798232774951,-0.21386486042884567
0.14267790262172286,0.060932147778722016,-0.021016505063706236,-0.21457289957319375
0.14392946317103622,0.06271175036085032,-0.02126843533533608,-0.21547561067943882
0.14518102372034958,0.06466362665146476,-0.021562718581824344,-0.21656516062459774
0.14643258426966294,0.06678783886027295,-0.02189779504305425,-0.21783080099279398
0.1476841448189763,0.06908379804002085,-0.022271593619730117,-0.2192588866406385
0.14893570536828965,0.07155001643309347,-0.02268152878990669,-0.22083294229942033
0.150187265917603,0.0741837562539716,-0.023124501363601876,-0.22253378784168115
0.15143882646691637,0.07698058626677463,-0.023596904788110117,-0.22433972936398874
0.15269038701622972,0.07993387841435909,-0.024094638912478733,-0.22622681893302915
0.15394194756554308,0.08303429030031804,-0.024613133036469108,-0.2281691820596788
0.15519350811485644,0.08626927250332328,-0.025147380511318696,-0.23013941121926065
0.1564450686641698,0.08962261781534041,-0.02569198800338391,-0.23210902749975534
0.15769662921348315,0.0930740624190953,-0.0262412427265762,-0.23404901792164762
0.1589481897627965,0.09659897213072961,-0.026789199793155034,-0.23593045568909787
0.16019975031210987,0.10016817502756681,-0.027329788971339506,-0.2377251939180725
0.16145131086142323,0.10374799904869599,-0.0278569355677077,-0.23940659162729677
0.16270287141073658,0.10730052853220787,-0.028364685608615138,-0.24095020751525023
0.16395443196004994,0.11078403710537339,-0.028847323875233144,-0.24233440119527375
0.1652059925093633,0.11415352964129598,-0.029299475463012363,-0.2435408058379824
0.16645755305867665,0.11736133145149114,-0.029716184838959225,-0.2445546600823473
0.16770911360799,0.12035766829100503,-0.030092968311308133,-0.24536499744527113
0.16896067415730337,0.12309119139628155,-0.030425837106691406,-0.24596469273909513
0.17021223470661673,0.12550944046019233,-0.030711291195119134,-0.2463503686149698
0.17146379525593008,0.12755929799489452,-0.030946289431582546,-0.24652217551820535
0.17271535580524344,0.1291875403023839,-0.031128207182807347,-0.24648347129962606
0.1739669163545568,0.1303415992703283,-0.03125479444299528,-0.24624043394879894
0.17521847690387016,0.13097063247490534,-0.031324145984002495,-0.2458016378147523
0.17647003745318351,0.13102705239029774,-0.03133469613786979,-0.24517761621962839
0.17772159800249687,0.13046878309163368,-0.031285254958602626,-0.24438043411724666
0.17897315855181023,0.12926244493891834,-0.031175100020121013,-0.24342330819261912
0.1802247191011236,0.12738724845637506,-0.03100412248998186,-0.24232032430637715
0.18147627965043697,0.12483888359932342,-0.03077300596149181,-0.2410862959730842
0.18272784019975033,0.12163254173086575,-0.030483405405687846,-0.23973677974401517
0.1839794007490637,0.11780446192680792,-0.03013809500797342,-0.2382882239308709
0.18523096129837704,0.11341177621110819,-0.02974106179579417,-0.23675819462412195
0.1864825218476904,0.10853072168360706,-0.029297531523696983,-0.2351656095012678
0.18773408239700376,0.10325347124460184,-0.02881392311722503,-0.2335309106301546
0.18898564294631712,0.09768394244439656,-0.028297736829451553,-0.23187611749720302
0.19023720349563047,0.0919329721066332,-0.027757385904591866,-0.2302247214296649
0.19148876404494383,0.0861131922110283,-0.027201981409637286,-0.22860140468711393
0.1927403245942572,0.08033384155573124,-0.026641078945918273,-0.22703157926836248
0.19399188514357055,0.0746956524407469,-0.026084399767567934,-0.22554074309594843
0.1952434456928839,0.06928593440983112,-0.025541548234961676,-0.22415366779423915
0.19649500624219726,0.06417410354404891,-0.0250217501166542,-0.2228934870146837
0.19774656679151062,0.05940814946509048,-0.024533621008984943,-0.22178083280276198
0.19899812734082398,0.05501270501971695,-0.024084961244606008,-0.22083321324312527
0.20024968789013733,0.05098924121226694,-0.02368258931221497,-0.2200647887170406
0.2015012484394507,0.04731839786661636,-0.02333224761967912,-0.21948659035096443
0.20275280898876405,0.04396383584096185,-0.023038601338208377,-0.21910708639109802
0.2040043695380774,0.040876651598243795,-0.022805312445246775,-0.21893290543186628
0.20525593008739076,0.03799952627508151,-0.022635148206233368,-0.21896950509763274
0.20650749063670412,0.035270231129688655,-0.022530089404687932,-0.21922162520711336
0.20775905118601748,0.032624526079823656,-0.022491421236692347,-0.21969345441599206
0.20901061173533084,0.029998625117693287,-0.02251980233329041,-0.22038852903935374
0.2102621722846442,0.02733130244814753,-0.022615312415240518,-0.221309439137945
0.21151373283395755,0.024565595028562506,-0.022777481710548816,-0.22245743049058905
0.2127652933832709,0.021650059257515824,-0.02300530790177273,-0.2238319757889328
0.21401685393258427,0.018539617368710723,-0.023297267384709414,-0.22543036339860303
0.21526841448189762,0.015196089809051606,-0.02365132677234549,-0.22724732972012318
0.21651997503121098,0.011588525183462286,-0.024064959251249855,-0.2292747465132332
0.21777153558052434,0.0076934144296807415,-0.02453516835208333,-0.23150136621119075
0.2190230961298377,0.0034948267335197882,-0.025058519039837402,-0.23391262504935487
0.22027465667915108,-0.0010155314739591947,-0.025631174610803813,-0.23649050896896215
0.22152621722846444,-0.005838336571071731,-0.02624893804294713,-0.23921350068572353
0.2227777777777778,-0.010966741337907678,-0.026907297018055783,-0.2420566397505513
0.22402933832709115,-0.016386542039096508,-0.027601472579798662,-0.24499173166366417
0.2252808988764045,-0.022076436603779555,-0.028326471958284444,-0.2479877331387486
0.22653245942571787,-0.028008404655043333,-0.029077145546442414,-0.25101131944376437
0.22778401997503123,-0.03414822976464652,-0.029848246700400243,-0.2540276137438593
0.22903558052434458,-0.04045614496965653,-0.03063449164760487,-0.2570010383990396
0.23028714107365794,-0.04688754004500481,-0.03143061474053774,-0.2598962369749631
0.2315387016229713,-0.05339366331072146,-0.03223141158903518,-0.26267900795287924
0.23279026217228466,-0.05992229047832493,-0.03303176097927945,-0.2653171874602382
0.23404182272159801,-0.06641838740333873,-0.03382661768207539,-0.2677814264439789
0.23529338327091137,-0.0728248290332535,-0.034610972499693964,-0.2700458293304485
0.23654494382022473,-0.079083240165688,-0.03537978169275377,-0.27208844943128785
0.2377965043695381,-0.08513499841284027,-0.03612787306380001,-0.27389166343513216
0.23904806491885144,-0.09092239675977096,-0.036849839061066585,-0.27544246671161265
0.2402996254681648,-0.09638990692691808,-0.03753992807165986,-0.2767327344402323
0.24155118601747816,-0.10148540960118378,-0.038191943943875976,-0.27775947700026227
0.24280274656679152,-0.10616117927098026,-0.03879916140574049,-0.278525089806176
0.24405430711610487,-0.11037439578910999,-0.03935426200581678,-0.2790375682412127
0.24530586766541823,-0.11408705760521544,-0.03984929148627942,-0.27931063213000457
0.2465574282147316,-0.11726534119834517,-0.040275636838834075,-0.2793636930936453
0.24780898876404495,-0.1198785675290481,-0.04062402339336336,-0.27922162287289287
0.2490605493133583,-0.12189795972678712,-0.04088453855792826,-0.2789143377778343
0.25031210986267166,-0.1232953661652738,-0.04104669334299699,-0.2784762628583298
0.251563670411985,-0.12404211357856369,-0.04109953242172339,-0.2779457467999442
0.2528152309612984,-0.12410811813145532,-0.04103180062773529,-0.2773644763747437
0.25406679151061173,-0.1234613107361421,-0.04083217147907468,-0.2767769166903081
0.2553183520599251,-0.12206737498708004,-0.040489542115024,-0.27622979306734485
0.25656991260923845,-0.11988979243717338,-0.03999339685033861,-0.2757716202430867
0.2578214731585518,-0.11689021594954954,-0.039334234793656074,-0.27545224579579575
0.25907303370786516,-0.1130292012299826,-0.038504046575445566,-0.2753223067861363
0.2603245942571785,-0.10826731725835059,-0.03749682012469074,-0.2754324697122186
0.2615761548064919,-0.10256665890020095,-0.036309059697299154,-0.27583238420856
0.26282771535580524,-0.09589280864038201,-0.03494030569519476,-0.2765693682218598
0.2640792759051186,-0.08821729704954477,-0.033393638179881294,-0.27768688001328
0.26533083645443195,-0.07952054587000634,-0.031676142069882764,-0.27922283694832184
0.2665823970037453,-0.06979517091614718,-0.029799312662069533,-0.28120785168352286
0.26783395755305867,-0.05904945594484995,-0.027779382443070766,-0.28366346683754456
0.269085518102372,-0.047310815872658486,-0.025637550856021887,-0.2866004661216778
0.2703370786516854,-0.03462910524699291,-0.023400097710013675,-0.29001732714900363
0.27158863920099874,-0.0210796473680731,-0.021098357987839683,-0.29389886475141885
0.2728401997503121,-0.006765849946871181,-0.01876853134407883,-0.29821509878177255
0.27409176029962545,0.008178759191283422,-0.016451295289372805,-0.3029203747650263
0.2753433208489388,0.023589285181195952,-0.014191188278555984,-0.30795277231343104
0.27659488139825217,0.03926924651559986,-0.012035728195663438,-0.31323385042342383
0.2778464419475655,0.054991631825881106,-0.010034234514828343,-0.3186687980719407
0.2790980024968789,0.07050149393702299,-0.008236333291005525,-0.324147085350811
0.2803495630461923,0.08552034862505187,-0.006690149750259549,-0.3295437378633269
0.28160112359550565,0.09975256814079406,-0.00544023594917721,-0.33472136147300463
0.282852684144819,0.11289372889448536,-0.004525330669120321,-0.33953300625894056
0.28410424469413237,0.12464056005186576,-0.003976081837038639,-0.3438258817744725
0.2853558052434457,0.1347019165618816,-0.0038128564629387133,-0.34744584158400366
0.2866073657927591,0.1428101420436053,-0.004043726339829532,-0.35024247219013493
0.28785892634207244,0.1487322177299153,-0.00466268910272254,-0.35207456752194927
0.2891104868913858,0.15228014356025193,-0.005648193337478914,-0.3528157320175333
0.29036204744069916,0.1533200904300838,-0.006962065804988873,-0.35235981682565193
0.2916136079900125,0.15178000961164279,-0.008548946659608328,-0.35062587114931465
0.29286516853932587,0.14765552149420738,-0.010336310645366591,-0.347562308833601
0.29411672908863923,0.14101397457294465,-0.012235116813405365,-0.34315004775645075
0.2953682896379526,0.13199657573283707,-0.014141117027120278,-0.33740445858218854
0.29661985018726594,0.12081848047404185,-0.01593686137048,-0.3303760438355313
0.2978714107365793,0.10776672825868164,-0.017494447636078377,-0.3221498479769495
0.29912297128589266,0.09319593919503592,-0.018679065393392015,-0.3128436698477327
0.300374531835206,0.0775217636108761,-0.01935337754571613,-0.3026052054586796
0.3016260923845194,0.06121218123195386,-0.019382749594716878,-0.2916082798395948
0.30287765293383273,0.04477685310594701,-0.01864127025153185,-0.2800483284388623
0.3041292134831461,0.028754807617753692,-0.017018413839684304,-0.26813728337696213
0.30538077403245945,0.013700777627392283,-0.014426096515070765,-0.25609802874538934
0.3066323345817728,0.00017052459023431219,-0.010805800101889885,-0.24415860465529557
0.30788389513108616,-0.011294458502255843,-0.006135393580560626,-0.2325463487884153
0.3091354556803995,-0.0201823703102563,-0.00043527632145676595,-0.22148216915350308
0.3103870162297129,-0.026026071518272676,0.006226497734008154,-0.21117514778475285
0.31163857677902623,-0.028417028673941788,0.013730382055095655,-0.20181767747077847
0.3128901373283396,-0.02701776183958819,0.021902961905318555,-0.19358131490100416
0.31414169787765295,-0.021572498434903883,0.030516142348389536,-0.18661347907539677
0.3153932584269663,-0.011915925729433468,0.039287959718694664,-0.1810350463015473
0.31664481897627966,0.002019913885231744,0.04788505753790866,-0.17693882557450838
0.317896379525593,0.02020044849530204,0.05592684890220379,-0.17438886123201752
0.3191479400749064,0.04248493411381853,0.06299135834919069,-0.17342049928021866
0.32039950062421974,0.06862412876753574,0.06862270391550436,-0.17404115164869052
0.3216510611735331,0.09825906978116852,0.07234015599184142,-0.17623168289050148
0.32290262172284645,0.1309207551492002,0.07364869897563522,-0.17994832444111059
0.3241541822721598,0.16603053588842231,0.07205102214331889,-0.1851250042477015
0.32540574282147317,0.20290103457351638,0.06706087087547577,-0.1916759766203166
0.3266573033707865,0.24073744296708052,0.058217689818722246,-0.199498647588227
0.3279088639200999,0.2786391158274882,0.04510248260747981,-0.20847650316907138
0.32916042446941324,0.31560144864137923,0.02735480553760259,-0.2184820546355768
0.3304119850187266,0.3505181186712023,0.004690798876861497,-0.2293797166518462
0.33166354556803995,0.38218391126826423,-0.023077888799691842,-0.24102853211236758
0.3329151061173533,0.40929852176090953,-0.056024507063108075,-0.2532846550792845
0.33416666666666667,0.43047185090583784,-0.09408722746408917,-0.2660035050067161
0.33541822721598,0.4442313870748398,-0.13704910347598087,-0.2790415135839038
0.3366697877652934,0.4490323406348203,-0.18451833036171217,-0.292257406004177
0.33792134831460674,0.4432712643721502,-0.2359092600100419,-0.3055129977524231
0.3391729088639201,0.4253038747566086,-0.2904247403977929,-0.3186735396161036
0.34042446941323345,0.39346763790522965,-0.34704044640789067,-0.33160768869117785
0.3416760299625468,0.34610946689525823,-0.4044919377976121,-0.3441872066411712
0.34292759051186017,0.28161867697907916,-0.46126522493162886,-0.3562864931776516
0.3441791510611735,0.19846518107075561,-0.5155916463085516,-0.36778207045482186
0.3454307116104869,0.09524274536542796,-0.5654478773528291,-0.3785521500449523
0.34668227215980024,-0.029283098377147217,-0.6085618939019137,-0.388476430075135
0.3479338327091136,-0.17612320060503847,-0.6424256829949292,-0.39743627590369734
0.34918539325842696,-0.34601006896724523,-0.6643154264777577,-0.4053154286703622
0.3504369538077403,-0.5393416670107202,-0.6713197887469867,-0.4120013603394095
0.35168851435705367,-0.7561254373605645,-0.6603768197960476,-0.417387352312737
0.35294007490636703,-0.9959245313330769,-0.6283198468916421,-0.42137532316144366
0.3541916354556804,-1.2578084760648158,-0.5719325695953416,-0.4238793742137927
0.35544319600499374,-1.5403107344120457,-0.48801336111473814,-0.4248299582333477
0.3566947565543071,-1.8413958225408955,-0.3734484895555321,-0.42417851297306036
0.35794631710362046,-2.15843882417741,-0.22529362241049328,-0.42190235813719906
0.3591978776529338,-2.488220199557106,-0.04086260840252255,-0.4180096393627001
0.3604494382022472,-2.8269386197179927,0.18217784263685613,-0.41254409952012616
0.3617009987515606,-3.170244100321432,0.44570939380140495,-0.4055894448726625
0.36295255930087394,-3.5132929714055705,0.7510616061824423,-0.3972730417973727
0.3642041198501873,-3.8508252093843365,1.0989127975173139,-0.38776861722667744
0.36545568039950066,-4.177263405371386,1.489195901192642,-0.37729752429150093
0.366707240948814,-4.48683133871998,1.9210134828807202,-0.36612800035315335
0.3679588014981274,-4.773688982277526,2.3925664504266537,-0.35457178684090207
0.36921036204744073,-5.032079715667108,2.9011012440729798,-0.3429775822183182
0.3704619225967541,-5.256484427801678,3.442880273456567,-0.331721051578181
0.37171348314606745,-5.441776259798858,4.013179935832039,-0.32119146679136346
0.3729650436953808,-5.5833693175870795,4.606319692762632,-0.31177546090557606
0.37421660424469416,-5.677354899796526,5.215724459985043,-0.30383880579551653
0.3754681647940075,-5.7206196146703885,5.834021083025488,-0.29770749512693634
0.3767197253433209,-5.710941062960811,6.453168114701129,-0.29364966216224897
0.37797128589263423,-5.647058218556188,7.064616545519522,-0.2918599564603699
0.3792228464419476,-5.528714881620802,7.659497323745112,-0.29244798544876927
0.38047440699126095,-5.356675501933105,8.228829361924399,-0.29543229207225874
0.3817259675405743,-5.13271343725965,8.763739789749243,-0.3007409373531771
0.38297752808988766,-4.859572503679879,9.25568710793381,-0.30821895109723957
0.384229088639201,-4.5409035263590924,9.696677774169459,-0.317641842298004
0.3854806491885144,-4.1811783684946855,10.079467434689427,-0.3287333998899122
0.38673220973782774,-3.785584367955054,10.397739328625253,-0.34118549402534154
0.3879837702871411,-3.359902276076615,10.646254129403722,-0.35467758990976145
0.38923533083645445,-2.910371096279432,10.820967281126228,-0.3688940727031832
0.3904868913857678,-2.44354384485495,10.919111466242235,-0.3835380566180986
0.39173845193508117,-1.9661387631449834,10.939243245873579,-0.3983409776438176
0.3929900124843945,-1.4848904716019458,10.88125418811358,-0.41306785596107365
0.3942415730337079,-1.006405058722773,10.746347773554476,-0.42751857225668966
0.39549313358302124,-0.5370225273562822,10.536983942867312,-0.4415257765257101
0.3967446941323346,-0.08268968858888517,10.256793515605874,-0.4549501575780843
0.39799625468164795,0.3511535363008513,9.910465214584796,-0.46767382013034425
0.3992478152309613,0.7596716853195438,9.503608934656807,-0.47959252002091735
0.40049937578027467,1.1387131178850087,9.042600078912523,-0.4906075192948188
0.401750936329588,1.4848701868956193,8.534410761088369,-0.500617787005036
0.4030024968789014,1.795520400171562,7.986434081148755,-0.5095131352015605
0.40425405742821474,2.068849361239272,7.4063076259888145,-0.5171686922128829
0.4055056179775281,2.303856175651072,6.801742116989962,-0.5234409758617713
0.40675717852684146,2.5003416836841525,6.180360771907748,-0.528165748125659
0.4080087390761548,2.658879926649267,5.549554233429505,-0.5311577301950698
0.40926029962546817,2.7807738171154512,4.916354746965922,-0.5322120876439972
0.41051186017478153,2.867996741496593,4.287332039422129,-0.5311074155678147
0.4117634207240949,2.9231223695982465,3.6685124751844214,-0.527609856350119
0.41301498127340824,2.949245149802167,3.065322437060479,-0.5214779964365573
0.4142665418227216,2.9498939870974934,2.4825561821440973,-0.5124682651047721
0.41551810237203496,2.9289415840714748,1.9243675865535557,-0.5003406461725809
0.4167696629213483,2.8905118420551177,1.394284308089571,-0.4848645864485242
0.4180212234706617,2.8388874964946678,0.8952420279915713,-0.4658250171906897
0.41927278401997503,2.778419834268575,0.42963566867238434,-0.44302838999978494
0.4205243445692884,2.7134420169623144,-0.0006160208141861752,-0.4163086018291332
0.42177590511860175,2.6481872561920707,-0.39399630210409453,-0.38553268272374214
0.4230274656679151,2.5867128035998785,-0.7493104953494034,-0.35060614308940224
0.42427902621722846,2.5328303803170615,-1.0656039842698346,-0.31147789755613176
0.4255305867665418,2.4900432986244447,-1.3420818525692058,-0.2681446757538133
0.4267821473158552,2.461490176445652,-1.5780336756104896,-0.22065479795370044
0.42803370786516853,2.4498948634585753,-1.7727667423099638,-0.1691111716868828
0.4292852684144819,2.4575220239426736,-1.9255506280320185,-0.1136733971767032
0.43053682896379525,2.4861377665231528,-2.0355755794822783,-0.054558959783016114
0.4317883895131086,2.5369747534083547,-2.1019266297545993,0.007956402767316647
0.43303995006242196,2.6107013299175184,-2.123574783262898,0.07353898385191315
0.4342915106117353,2.707394360658089,-2.0993860284188584,0.14179781896418067
0.4355430711610487,2.8265156235953297,-2.028148350121937,0.21228559650216589
0.43679463171036204,2.966891821856432,-1.9086163235720013,0.2844995920181029
0.4380461922596754,3.126698597647389,-1.7395722868440475,0.357882561684764
0.43929775280898875,3.3034494118305373,-1.5199025194407194,0.43182368019767475
0.44054931335830216,3.493990725298241,-1.2486863030234359,0.5056597486524447
0.4418008739076155,3.6945054799281642,-0.9252952212529746,0.5786770069481921
0.4430524344569289,3.9005273483899017,-0.5494995724228353,0.6501139816418164
0.44430399500624224,4.106968534781375,-0.12157831082642609,0.7191658918216922
0.4455555555555556,4.308164006580898,0.3575714976957427,0.7849912053753416
0.44680711610486895,4.497934928990725,0.8863301072904857,0.8467209833147193
0.4480586766541823,4.669673818169702,1.4622601483207949,0.9034716779624847
0.44931023720349567,4.8164535554073655,2.0820263017950085,0.9543620355218799
0.450561797752809,4.9311618222805595,2.741334670969102,0.9985346349843645
0.4518133583021224,5.006661594490632,3.434896785018229,1.0351823298106089
0.45306491885143574,5.035977004993013,4.1564228321379835,1.0635794377415118
0.4543164794007491,5.012502168101623,4.898648194436586,1.083116938016766
0.45556803995006245,4.930228490149039,5.653396537066607,1.093340160083905
0.4568196004993758,4.783983657789449,6.411681522531592,1.0939865104812851
0.45807116104868917,4.569673105088474,7.163847790558304,1.0850198494722072
0.4593227215980025,4.284512668081023,7.899750157761941,1.066657445427829
0.4605742821473159,3.9272396671518326,8.608967554217923,1.039385214056841
0.46182584269662924,3.4982891385028956,9.281044614659184,1.0039574196897965
0.4630774032459426,2.9999226722312287,9.905749814407438,0.9613784117843023
0.46432896379525596,2.4362992106097785,10.473336397475403,0.9128662100706341
0.4655805243445693,1.8134797030211363,10.974792562430865,0.8598002961992214
0.46683208489388267,1.139360265513177,11.402070215375423,0.8036581326928337
0.46808364544319603,0.42353125997669,11.748285380272767,0.7459462176151929
0.4693352059925094,-0.32293753694038,12.007886557627486,0.6881317124317033
0.47058676654182274,-1.087782366841297,12.176789439491873,0.6315799802783207
0.4718383270911361,-1.8578939400199632,12.252477456008485,0.5775020356435516
0.47308988764044946,-2.619715806173635,12.234067833055185,0.5269142246103831
0.4743414481897628,-3.359673931729182,12.12234250872761,0.4806108299956957
0.4755930087390762,-4.064614685566238,11.919742662649634,0.43914922706616943
0.47684456928838953,-4.722227064256025,11.630324844784859,0.4028467876228005
0.4780961298377029,-5.321426484407883,11.259675868131705,0.3717884687320977
0.47934769038701625,-5.85268115094803,10.814783337094486,0.3458435795886185
0.4805992509363296,-6.308267117022442,10.30386012261328,0.32468982687137043
0.48185081148564296,-6.682443920593223,9.736125087721362,0.30784272454468486
0.4831023720349563,-6.97154815099406,9.121547951301746,0.294688706149208
0.4843539325842697,-7.174006743894607,8.470571070156215,0.2845204674025342
0.48560549313358303,-7.29027515596845,7.793823475073143,0.27657309640311234
0.4868570536828964,-7.322708264610384,7.10184253323349,0.2700595292650468
0.48810861423220975,-7.2753741881295655,6.404816708729962,0.26420387850829435
0.4893601747815231,-7.153822964653248,5.712359701717677,0.25827124450094474
0.49061173533083646,-6.9648228428137875,5.033322469131961,0.251592808002809
0.4918632958801498,-6.716077105173364,4.375646131236483,0.24358537667976185
0.4931148564294632,-6.415934243517905,3.746256093449159,0.23376506165896865
0.49436641697877654,-6.073103739597752,3.1509957609209205,0.22175524057408239
0.4956179775280899,-5.696388362384131,2.5945967921668185,0.20728928492553517
0.49686953807740325,-5.294441900676798,2.0806819640424976,0.19020866893166544
0.4981210986267166,-4.875558942370764,1.611796326135244,0.17045713799236506
0.49937265917602996,-4.44750091704947,1.1894621256381366,0.14807169344357785
0.5006242197253433,-4.017360337964732,0.814252839199408,0.12317123146477395
0.5018757802746567,-3.5914632557665525,0.4858816630053068,0.09594370111761705
0.50312734082397,-3.175308437836831,0.20330008094468094,0.06663259182695849
0.5043789013732835,-2.773540538653265,-0.03519744011829064,0.03552341507264328
0.5056304619225968,-2.3899534313241992,-0.23186612900276182,0.0029306368202025555
0.5068820224719102,-2.027519057223483,-0.3894040365544585,-0.030814669265281768
0.5081335830212235,-1.6884367368646434,-0.5108482582503948,-0.06537626138200237
0.5093851435705369,-1.3741978269422634,-0.5994764607317091,-0.10042305472329303
0.5106367041198502,-1.0856608134368655,-0.6587154653011809,-0.13563807007511314
0.5118882646691636,-0.8231323645240352,-0.6920581789834201,-0.17072571635330316
0.5131398252184769,-0.5864504906909882,-0.7029897076733542,-0.20541713761422511
0.5143913857677903,-0.37506665925294397,-0.6949230758953415,-0.2394734311587644
0.5156429463171036,-0.1881243639022788,-0.6711446427011185,-0.2726866751865319
0.516894506866417,-0.024532199433330532,-0.6347690337307224,-0.304878872481277
0.5181460674157303,0.1169700622905978,-0.5887032014450346,-0.33589909504307663
0.5193976279650437,0.23775352041783,-0.5356190934282571,-0.36561927360899293
0.520649188514357,0.33925106709062064,-0.47793433591369233,-0.3939291826588743
0.5219007490636705,0.4229174968192073,-0.417800281267133,-0.4207312120356806
0.5231523096129838,0.49019862065149167,-0.35709670817796474,-0.4459355023072727
0.5244038701622972,0.5425087273287604,-0.2974324230230687,-0.4694559651361212
0.5256554307116105,0.5812153568278806,-0.24015100463130384,-0.49120761390824463
0.5269069912609239,0.6076301085346251,-0.18634094903072146,-0.5111054985851253
0.5281585518102372,0.6230041237421132,-0.13684948482950351,-0.5290653839666981
0.5294101123595506,0.6285269654946014,-0.09229933886970336,-0.5450061378906755
0.5306616729088639,0.6253278118877701,-0.053107744270875806,-0.5588536124372365
0.5319132334581773,0.6144780865170131,-0.019507007373296973,-0.5705456294854243
0.5331647940074906,0.5969948040140152,0.008434006090323638,-0.5800375434956224
0.534416354556804,0.5738440159333491,0.03078803840134628,-0.587307763669219
0.5356679151061173,0.5459438533792086,0.04774775430843871,-0.5923626005945012
0.5369194756554307,0.5141667957739071,0.059604619769564535,-0.5952398836296419
0.538171036204744,0.4793409285274946,0.06672869161291144,-0.5960109668249973
0.5394225967540575,0.4422500779128045,0.06954959601357519,-0.5947809604198521
0.5406741573033708,0.40363283404326955,0.06853891019613463,-0.5916872327191051
0.5419257178526842,0.36418058113558416,0.0641941061334613,-0.5868963805827044
0.5431772784019975,0.3245347329187475,0.05702416245875319,-0.5805999640196969
0.5444288389513109,0.285283415947176,0.0475368986335732,-0.5730093567864213
0.5456803995006242,0.2469578620790831,0.036228037279312016,-0.5643500758887587
0.5469319600499376,0.210028789977606,0.023571960388350157,-0.5548559067907495
0.5481835205992509,0.17490309690831657,0.010014094741664613,-0.5447630552783291
0.5494350811485643,0.14192122390811684,-0.0040351576174201785,-0.534304477219945
0.5506866416978776,0.11135555205272384,-0.018205038729659364,-0.5237044994003573
0.551938202247191,0.0834101228414912,-0.032167703131981217,-0.5131738461313876
0.5531897627965043,0.0582218801050398,-0.045640229398326286,-0.5029052023693222
0.5544413233458177,0.03586352139327374,-0.058385457393009856,-0.4930694516215623
0.555692883895131,0.016347913451320365,-0.07021173419308577,-0.48381271467160714
0.5569444444444445,-0.000366123050424548,-0.08097167461962998,-0.4752542831727821
0.5581960049937578,-0.014366978531292929,-0.09056007363620529,-0.4674854961648889
0.5594475655430712,-0.02578275197855628,-0.09891112594178607,-0.4605695547253383
0.5606991260923846,-0.034773463167301254,-0.1059951071906912,-0.4545422198528368
0.5619506866416979,-0.041523318190141156,-0.1118146592369787,-0.44941330247921996
0.5632022471910113,-0.046233307852245525,-0.11640080629216207,-0.4451688387534666
0.5644538077403246,-0.049114357877916785,-0.11980881392612383,-0.44177384165491135
0.565705368289638,-0.050381188388480866,-0.12211399077628456,-0.43917551402060934
0.5669569288389513,-0.050246986938237544,-0.12340752408926095,-0.43730678765480724
0.5682084893882647,-0.04891896605918435,-0.1237924337788358,-0.4360900265933853
0.569460049937578,-0.046594854831530544,-0.12337972364593362,-0.43544071845793036
0.5707116104868915,-0.043460347173673294,-0.1222847996503026,-0.4352709885777032
0.5719631710362048,-0.03968749029415739,-0.12062421197649624,-0.4354928053988455
0.5732147315855182,-0.03543394423996691,-0.1185127630061043,-0.43602078942824446
0.5744662921348315,-0.030842979741166197,-0.1160610103956438,-0.4367745762127006
0.5757178526841449,-0.02604402065725159,-0.11337318085137184,-0.4376807095517968
0.5769694132334582,-0.02115350156213806,-0.11054549366308648,-0.4386740574515035
0.5782209737827716,-0.016275816384778017,-0.10766487888318407,-0.43969875576636214
0.5794725343320849,-0.011504184170839924,-0.10480806752984048,-0.44070869477423025
0.5807240948813983,-0.006921336516275507,-0.10204102675794603,-0.44166757127256334
0.5819756554307116,-0.0026000020291231437,-0.09941870970183833,-0.44254853273499306
0.583227215980025,0.0013967979908564084,-0.09698509051383411,-0.4433334428522986
0.5844787765293383,0.00501561434411586,-0.0947734576386244,-0.44401180766476794
0.5857303370786517,0.008212563018204921,-0.09280693626540833,-0.444579429281578
0.586981897627965,0.010953417800334743,-0.09109920518280716,-0.4450368988463059
0.5882334581772785,0.013213779603641857,-0.08965537118793296,-0.44538808176549305
0.5894850187265918,0.014979295476955083,-0.08847296747355997,-0.4456387603873257
0.5907365792759052,0.016245881383318755,-0.08754304474818661,-0.4457955703124377
0.5919881398252185,0.017019880796123824,-0.08685132058132411,-0.44586530485551407
0.5932397003745319,0.0173180792301929,-0.08637934604768738,-0.4458545882968274
0.5944912609238452,0.01716749686482618,-0.08610564568112386,-0.44576985115432916
0.5957428214731586,0.016604894800444945,-0.08600679275939992,-0.44561749148825436
0.5969943820224719,0.015675950389911195,-0.08605839522125178,-0.4454040849631351
0.5982459425717853,0.014434081564939867,-0.08623597769983439,-0.4451365213852047
0.5994975031210986,0.012938932760626649,-0.08651574629701557,-0.44482199380740817
0.600749063670412,0.011254573623428384,-0.08687522153093832,-0.4444678290334463
0.6020006242197253,0.009447490280833947,-0.08729372889999239,-0.44408120122317857
0.6032521847690387,0.00758445686125968,-0.08775274306148582,-0.44366879892765454
0.604503745318352,0.005730372334257934,-0.08823608540691073,-0.4432365196839984
0.6057553058676655,0.003946148661014931,-0.08872997863669131,-0.4427892511896792
0.6070068664169788,0.002286740707321919,-0.08922297208879199,-0.44233077088714723
0.6082584269662922,0.0007994110134471771,-0.08970576588831145,-0.4418637660213729
0.6095099875156055,-0.00047767614157384055,-0.09017097098519858,-0.4413899536114022
0.6107615480649189,-0.0015164402346967397,-0.0906128409982473,-0.4409102670702197
0.6120131086142322,-0.002299382679461902,-0.0910270042283973,-0.44042507154407434
0.6132646691635456,-0.0028195843260228433,-0.091410215954062,-0.4399343731770401
0.6145162297128589,-0.003080250117114219,-0.09176014347629273,-0.4394379966879021
0.6157677902621723,-0.003093887872037276,-0.09207518762371919,-0.43893571506757517
0.6170193508114856,-0.002881219596601449,-0.09235433712508698,-0.4384273218453031
0.618270911360799,-0.002469921266744758,-0.09259705199140107,-0.43791264463421825
0.6195224719101123,-0.0018932811665222002,-0.09280317651242141,-0.43739151342054633
0.6207740324594258,-0.001188857236394508,-0.09297288320742397,-0.4368637129711476
0.622025593008739,-0.0003971962034234882,-0.09310664504156413,-0.436328953045146
0.6232771535580525,0.0004393490894092047,-0.09320523150687718,-0.43578687828436713
0.6245287141073658,0.0012776955066359393,-0.09326972790727137,-0.43523712146468463
0.6257802746566792,0.002075006445542567,-0.09330158000662013,-0.43467939173957526
0.6270318352059925,0.002789578534167547,-0.0933026597535858,-0.4341135867287151
0.6282833957553059,0.0033816464071755132,-0.09327533313485971,-0.433539918696098
0.6295349563046192,0.0038141281127390646,-0.09322250062799575,-0.4329590452909826
0.6307865168539326,0.004053358907061184,-0.09314758722043792,-0.43237219126297266
0.6320380774032459,0.004069868405872397,-0.09305448103237936,-0.43178124014224684
0.6332896379525593,0.0038392198126635975,-0.09294743763736757,-0.43118877338118056
0.6345411985018726,0.0033428666349149512,-0.09283096545236551,-0.4305980479378508
0.635792759051186,0.0025689402376773726,-0.09270969512016569,-0.43001292560852583
0.6370443196004993,0.0015128845019339147,-0.09258823130724521,-0.42943778166438507
0.6382958801498128,0.0001778832877056638,-0.09247099250385575,-0.4288774152786007
0.6395474406991261,-0.0014249445709442175,-0.09236205408085275,-0.428336961939855
0.6407990012484395,-0.0032765948203170832,-0.092265012403929,-0.4278217839683931
0.6420505617977529,-0.0053504881247218306,-0.09218287928495113,-0.4273373096810086
0.6433021223470662,-0.007613061637137323,-0.09211800260311714,-0.4268888115386715
0.6445536828963796,-0.010024646121359233,-0.09207200272494687,-0.42648114437817003
0.6458052434456929,-0.012540597745033138,-0.09204572013761855,-0.4261184847762265
0.6470568039950063,-0.015112618891105788,-0.09203918028517735,-0.4258041098899253
0.6483083645443196,-0.017690188194263694,-0.09205158662992353,-0.4255402339730072
0.649559925093633,-0.020222033963020854,-0.09208134826547104,-0.4253279014961029
0.6508114856429463,-0.022657610096210305,-0.09212613930582636,-0.4251669330424168
0.6520630461922597,-0.024948542143865673,-0.09218298349525447,-0.4250559304142778
0.653314606741573,-0.027050001430059752,-0.09224836133423196,-0.4249923534904382
0.6545661672908865,-0.028921958961178596,-0.09231834025308222,-0.424972675531504
0.6558177278401998,-0.030530276453015922,-0.0923887249471696,-0.42499261440503516
0.6570692883895132,-0.031847598027994126,-0.09245522082197422,-0.4250474329256203
0.6583208489388265,-0.032854009667941206,-0.09251360634653166,-0.42513229868551194
0.6595724094881399,-0.033537444882302564,-0.09255991545315025,-0.42524268472385074
0.6608239700374532,-0.033893837034157756,-0.09259062897567717,-0.42537477795258966
0.6620755305867666,-0.0339270392910262,-0.09260286518488213,-0.42552585216494254
0.6633270911360799,-0.03364854411722481,-0.09259455292291334,-0.42569456377606424
0.6645786516853933,-0.03307704058903708,-0.09256457095671136,-0.4258811384130267
0.6658302122347066,-0.03223785168274232,-0.09251284072523035,-0.4260874281398004
0.66708177278402,-0.031162286707574576,-0.09244036306437015,-0.4263168299414835
0.6683333333333333,-0.029886924135669152,-0.09234919288655566,-0.42657406879004145
0.6695848938826467,-0.02845281891532159,-0.09224234999589045,-0.4268648642381944
0.67083645443196,-0.026904616585381107,-0.0921236686706584,-0.4271955129583898
0.6720880149812735,-0.02528955537621428,-0.09199759358989391,-0.4275724248327994
0.6733395755305868,-0.02365634589377367,-0.09186893629342308,-0.42800164712217875
0.6745911360799002,-0.022053936571066832,-0.09174261384523573,-0.42848840605056754
0.6758426966292135,-0.020530199322612904,-0.09162339543645572,-0.42903669387091875
0.6770942571785269,-0.019130592292982113,-0.09151567868333943,-0.42964893188657277
0.6783458177278402,-0.01789685994570291,-0.09142330708880568,-0.43032574006888824
0.6795973782771536,-0.016865814745138902,-0.09134943154258726,-0.43106583636408397
0.6808489388264669,-0.016068231454262262,-0.09129641542488896,-0.43186607361569557
0.6821004993757803,-0.01552789206062545,-0.09126577950913947,-0.43272160524719944
0.6833520599250936,-0.015260832097965004,-0.09125817559416308,-0.433626158455054
0.684603620474407,-0.015274831817584673,-0.09127337172576365,-0.43457238539679144
0.6858551810237203,-0.015569168757709535,-0.09131023486538463,-0.43555225382671253
0.6871067415730338,-0.01613462564992143,-0.0913667108875061,-0.4365574267250026
0.688358302122347,-0.01695374737336305,-0.09143981801103596,-0.4375795726266416
0.6896098626716605,-0.018001357010974668,-0.09152567426372542,-0.43861055675002203
0.6908614232209738,-0.019245348339121237,-0.09161957035735303,-0.43964249054543214
0.6921129837702872,-0.02064775196385332,-0.09171608880952298,-0.4406676512891881
0.6933645443196005,-0.022166035010216658,-0.09180926720147352,-0.4416783071427963
0.6946161048689139,-0.02375456390968118,-0.09189280485122173,-0.44266649018642296
0.6958676654182272,-0.025366149084396696,-0.09196031001183641,-0.4436237568176143
0.6971192259675406,-0.026953595417163887,-0.09200557572082943,-0.4445409709720212
0.6983707865168539,-0.028471190868331938,-0.09202286219017133,-0.4454081421447058
0.6996223470661673,-0.029876069198249155,-0.09200716152930387,-0.4462143414791988
0.7008739076154806,-0.031129390520846775,-0.09195442918983382,-0.4469477023377962
0.702125468164794,-0.03219731091080509,-0.09186177793169827,-0.44759549360037837
0.7033770287141073,-0.03305175213309197,-0.09172763425836711,-0.44814424615935744
0.7046285892634208,-0.03367100478362872,-0.09155185242786351,-0.448579918802791
0.7058801498127341,-0.034040187721814656,-0.09133577475592008,-0.44888810089217274
0.7071317103620475,-0.03415156193180386,-0.09108222654461434,-0.4490542582815285
0.7083832709113608,-0.034004680809920224,-0.09079543926754863,-0.44906403578195614
0.7096348314606742,-0.03360635248624081,-0.09048090165648609,-0.44890363681271767
0.7108863920099875,-0.032970387805580946,-0.09014514473818525,-0.44856030324489415
0.7121379525593009,-0.032117115691926816,-0.08979547542404001,-0.44802290482342233
0.7133895131086142,-0.031072667996054303,-0.08943967991866515,-0.4472826208567673
0.7146410736579276,-0.029868053607174178,-0.08908571813154692,-0.4463336731106004
0.7158926342072409,-0.028538039993625895,-0.08874142241608127,-0.4451740540885434
0.7171441947565543,-0.02711985296262449,-0.08841420273655959,-0.44380618684568285
0.7183957553058676,-0.025651730055245382,-0.08811076073800657,-0.44223745410446424
0.719647315855181,-0.024171418747653467,-0.08783683342644082,-0.44048054520448743
0.7208988764044943,-0.02271474478510298,-0.08759700121860232,-0.43855358230973757
0.7221504369538078,-0.021314355612407174,-0.08739458642576665,-0.43647999937720744
0.7234019975031212,-0.01999869274940074,-0.08723164756667617,-0.4342881602454644
0.7246535580524345,-0.018791208667647212,-0.08710905720265817,-0.4320107196211835
0.7259051186017479,-0.017709832357104903,-0.08702664029433299,-0.4296837547752673
0.7271566791510612,-0.01676668320560141,-0.08698334869493268,-0.4273457190582878
0.7284082397003746,-0.015968021988708607,-0.08697745379526474,-0.42503627972177155
0.7296598002496879,-0.01531442057469775,-0.08700674573464613,-0.42279510064579723
0.7309113607990013,-0.014801135260882283,-0.08706872841135413,-0.42066062404063964
0.7321629213483146,-0.014418673921824691,-0.0871607962625587,-0.41866890005877483
0.733414481897628,-0.014153543033860369,-0.08728037688026814,-0.4168525081317751
0.7346660424469413,-0.013989146485711295,-0.0874250268087961,-0.4152396068610126
0.7359176029962547,-0.013906792866646938,-0.0875924751689531,-0.4138531412180434
0.737169163545568,-0.013886758888291497,-0.08778061701581659,-0.41271022752644093
0.7384207240948815,-0.013909356017090388,-0.08798746312667256,-0.4118217294118233
0.7396722846441948,-0.013955954312691405,-0.08821105546754364,-0.41119203305114765
0.7409238451935082,-0.014009924909564259,-0.08844935917826509,-0.4108190259160162
0.7421754057428215,-0.014057463703235667,-0.08870014336046644,-0.4106942752882983
0.7434269662921349,-0.01408825745055742,-0.08896086378641453,-0.4108033906856943
0.7446785268414482,-0.014095957580107753,-0.089228560288358,-0.4111265449472024
0.7459300873907616,-0.014078437155148943,-0.08949978061464578,-0.41163912860971485
0.7471816479400749,-0.014037820253198979,-0.0897705412937645,-0.4123125195289056
0.7484332084893883,-0.013980290233191705,-0.0900363334808458,-0.41311495788501934
0.7496847690387016,-0.013915699260513758,-0.09029217659045555,-0.414012521405066
0.750936329588015,-0.013857009272190503,-0.09053271554876385,-0.41497019549182557
0.7521878901373283,-0.01381959910317989,-0.09075235324265561,-0.415953024799386
0.7534394506866418,-0.013820482163449284,-0.09094541063153949,-0.4169273123121324
0.7546910112359551,-0.013877484854825551,-0.09110630802778853,-0.41786180529957057
0.7559425717852685,-0.014008426169868207,-0.09122975945738601,-0.41872878878212266
0.7571941323345818,-0.01423032582286885,-0.09131097114541824,-0.4195050013584855
0.7584456928838952,-0.014558667956925295,-0.09134583491724281,-0.42017229405781636
0.7596972534332085,-0.015006752065505537,-0.09133110651033668,-0.4207179728929306
0.7609488139825219,-0.015585158798621367,-0.09126456012859999,-0.42113479937291426
0.7622003745318352,-0.016301348901343746,-0.09114511381858871,-0.4214206621098902
0.7634519350811486,-0.017159404770085665,-0.09097292147585838,-0.42157796913467077
0.7647034956304619,-0.018159912722992912,-0.09074942512290837,-0.4216128399444696
0.7659550561797753,-0.019299970714851098,-0.09047735845424279,-0.4215341895564097
0.7672066167290886,-0.02057330150305419,-0.09016069290011208,-0.42135278680994853
0.768458177278402,-0.021970457572886407,-0.08980452179724968,-0.42108034900870345
0.7697097378277153,-0.023479109577441013,-0.08941488692330006,-0.4207287229660984
0.7709612983770288,-0.02508440705197844,-0.08899856037910621,-0.42030919342992173
0.7722128589263421,-0.026769392388003337,-0.08856279572043546,-0.41983194270705954
0.7734644194756555,-0.02851544213804738,-0.08811505698549078,-0.4193056670525875
0.7747159800249688,-0.03030270757311794,-0.08766273270439996,-0.41873734645698624
0.7759675405742822,-0.032110530622773914,-0.08721284667008049,-0.41813216473052744
0.7772191011235955,-0.03391782117170084,-0.0867717821693354,-0.4174935798459634
0.7784706616729089,-0.03570339540812386,-0.0863450367630323,-0.41682354291343926
0.7797222222222222,-0.03744628554784261,-0.08593702021146798,-0.416122852912956
0.7809737827715356,-0.039126028349312204,-0.08555090003172754,-0.4153916149986632
0.7822253433208489,-0.040722929418420574,-0.08518849276937336,-0.41462975427480653
0.7834769038701623,-0.0422183055723254,-0.08485020258460153,-0.41383753658517736
0.7847284644194756,-0.04359472780154071,-0.08453501823192869,-0.4130160580600201
0.785980024968789,-0.044836291107575164,-0.08424058008909478,-0.4121676716602923
0.7872315855181024,-0.04592891462631294,-0.08396331857297708,-0.41129632198571336
0.7884831460674158,-0.04686065069473388,-0.08369865529570321,-0.41040776787943317
0.7897347066167291,-0.04762197206668239,-0.0834412521220378,-0.40950968507474045
0.7909862671660425,-0.048206008765133895,-0.08318528692900395,-0.40861165262872107
0.7922378277153558,-0.048608719758080315,-0.08292473180470643,-0.40772503546095273
0.7934893882646692,-0.04882901223429044,-0.08265361579030457,-0.4068627797144338
0.7947409488139825,-0.048868846190630824,-0.08236626402957377,-0.406039135357542
0.7959925093632959,-0.04873336186975399,-0.08205750871616863,-0.4052693140272831
0.7972440699126092,-0.04843104397394487,-0.0817228667234899,-0.40456908655648527
0.7984956304619226,-0.0479739066211588,-0.08135867914064747,-0.403954324993683
0.7997471910112359,-0.047377656840390664,-0.08096220704037581,-0.40344049440132534
0.8009987515605493,-0.0466617806578807,-0.0805316776522668,-0.4030421030966587
0.8022503121098628,-0.04584950360190633,-0.0800662826772416,-0.4027721302239394
0.803501872659176,-0.04496759637053468,-0.0795661404358682,-0.40264145884027436
0.8047534332084895,-0.044046006226034586,-0.0790322363990401,-0.4026583450154381
0.8060049937578028,-0.043117298355914754,-0.07846635879696931,-0.4028279551433223
0.8072565543071162,-0.042215903869153644,-0.07787104954262726,-0.4031520040120002
0.8085081148564295,-0.04137719000400622,-0.07724958208399216,-0.4036285185315768
0.8097596754057429,-0.04063638241589012,-0.0766059607389516,-0.40425174398184416
0.8110112359550562,-0.040027378884730104,-0.07594493029314055,-0.4050122092816934
0.8122627965043696,-0.03958150969190304,-0.07527198935397035,-0.40589696785499646
0.8135143570536829,-0.03932632458351803,-0.07459340155335009,-0.4068900223042647
0.8147659176029963,-0.039284495053993645,-0.07391619414474446,-0.40797292088630344
0.8160174781523096,-0.03947289355118995,-0.07324813278793979,-0.40912548490950695
0.817269038701623,-0.039901876012887645,-0.07259766819551881,-0.41032660471490423
0.8185205992509363,-0.04057478909017362,-0.0719738567224245,-0.41155503826348305
0.8197721598002498,-0.04148773519045446,-0.07138625179246606,-0.4127901493726079
0.8210237203495631,-0.04262962265939438,-0.07084475277730096,-0.41401252604830413
0.8222752808988765,-0.04398250653688697,-0.070359398702221,-0.4152044333499906
0.8235268414481898,-0.04552220453893918,-0.06994010421658871,-0.4163500785321746
0.8247784019975032,-0.04721915127348421,-0.06959634304322883,-0.4174356844708961
0.8260299625468165,-0.04903943317985757,-0.06933678972793096,-0.4184493809726149
0.8272815230961299,-0.05094594644686219,-0.06916893753988601,-0.4193809436397701
0.8285330836454432,-0.052899637697953694,-0.0690987158041241,-0.42022143168851533
0.8297846441947566,-0.05486079115902064,-0.06913013248982627,-0.420962783040536
0.8310362047440699,-0.05679030690383406,-0.06926497018296256,-0.4215974153108397
0.8322877652933833,-0.058650900058893056,-0.06950256468686085,-0.42211786892172515
0.8335393258426966,-0.06040816233419608,-0.06983969133266787,-0.4225165228962931
0.83479088639201,-0.062031461806878324,-0.07027057356663412,-0.4227854129592236
0.8360424469413233,-0.06349469773196194,-0.07078701472372771,-0.4229161771673316
0.8372940074906368,-0.06477694742693935,-0.0713786411184298,-0.42290013794092485
0.8385455680399501,-0.0658630266071152,-0.07203323368992325,-0.4227285053560856
0.8397971285892635,-0.0667439535299139,-0.07273711767029972,-0.42239267169797856
0.8410486891385768,-0.06741729081925048,-0.0734755798232979,-0.42188456782475786
0.8423002496878902,-0.06788734045062612,-0.07423329000425738,-0.4211970569492895
0.8435518102372035,-0.06816517302912231,-0.07499471032800813,-0.42032434139016756
0.8448033707865169,-0.06826847207893243,-0.0757444788812636,-0.41926235419053
0.8460549313358302,-0.06822116780105211,-0.07646775926513147,-0.41800910734112395
0.8473064918851436,-0.06805283167532646,-0.07715055206623343,-0.4165649760997793
0.8485580524344569,-0.06779781368725413,-0.07777996708271658,-0.4149329118156125
0.8498096129837703,-0.06749413037633421,-0.07834445682538961,-0.4131185875117567
0.8510611735330836,-0.06718214710848532,-0.07883401445801018,-0.4111304880433509
0.852312734082397,-0.0669031270806879,-0.07924034086345831,-0.40897995961845657
0.8535642946317104,-0.06669772778154998,-0.07955698316103062,-0.40668123188927996
0.8548158551810238,-0.06660451345505618,-0.07977944263288127,-0.40425142031167666
0.8560674157303371,-0.0666585364901597,-0.07990524819296718,-0.40171050800330177
0.8573189762796505,-0.06689003595663229,-0.07993399506059677,-0.3990812963401308
0.8585705368289638,-0.0673233096680324,-0.0798673546609525,-0.39638930553996193
0.8598220973782772,-0.06797582889026005,-0.07970906253181245,-0.3936626022726257
0.8610736579275905,-0.06885766199590396,-0.07946488098183475,-0.3909315265456039
0.8623252184769039,-0.06997124029133497,-0.07914251975824603,-0.38822828501302364
0.8635767790262172,-0.07131145367339102,-0.07875149394371057,-0.38558638535516526
0.8648283395755306,-0.07286603621133234,-0.07830290780263906,-0.38303991242196406
0.8660799001248439,-0.07461619707152714,-0.07780916847957045,-0.3806226767266533
0.8673314606741573,-0.07653745637992536,-0.07728364332656318,-0.3783672842094985
0.8685830212234706,-0.07860064845586687,-0.07674027621108145,-0.3763041837856276
0.869834581772784,-0.08077305149872031,-0.07619317840770387,-0.3744607534619437
0.8710861423220974,-0.08301959341356652,-0.07565621418654236,-0.37286048743324823
0.8723377028714108,-0.08530407699900419,-0.0751426059282763,-0.3715223401802705
0.8735892634207241,-0.08759037445676776,-0.07466458237656244,-0.3704602663635846
0.8748408239700375,-0.08984355888037852,-0.07423308694359686,-0.369682970659
0.8760923845193508,-0.09203095464149978,-0.07385755463131803,-0.36919385650292874
0.8773439450686642,-0.09412308909757755,-0.07354575842398732,-0.36899114377863923
0.8785955056179775,-0.0960945186368857,-0.073303721132204,-0.3690681161775191
0.8798470661672909,-0.0979244940388963,-0.07313568799321533,-0.3694134586549291
0.8810986267166043,-0.09959743150776344,-0.07304415593402666,-0.37001165213515813
0.8823501872659176,-0.10110316671005448,-0.07302995273376528,-0.37084340366317886
0.883601747815231,-0.10243698421760085,-0.0730923533536105,-0.3718861010764461
0.8848533083645443,-0.10359942959194933,-0.07322921628083866,-0.3731142886673739
0.8861048689138578,-0.10459592568038385,-0.07343712377596526,-0.37450016428524047
0.8873564294631711,-0.10543622802546372,-0.07371151558345897,-0.37601409999451996
0.8886079900124845,-0.10613376287147941,-0.07404681293049824,-0.3776251872581708
0.8898595505617978,-0.10670489179155623,-0.07443653592405933,-0.37930180257011836
0.8911111111111112,-0.10716814195814874,-0.07487342054347122,-0.381012182580924
0.8923626716604245,-0.10754343685442018,-0.07534954118192826,-0.3827249934318028
0.8936142322097379,-0.10785136044223022,-0.07585644318996375,-0.3844098784995851
0.8948657927590512,-0.10811248258290934,-0.07638528768451434,-0.3860379700853149
0.8961173533083646,-0.10834675953692051,-0.07692700788302721,-0.38758235271454866
0.8973689138576779,-0.10857300529717506,-0.07747247425059575,-0.38901846913638494
0.8986204744069913,-0.1088084192831118,-0.07801266526749548,-0.3903244652967671
0.8998720349563046,-0.10906815909640377,-0.07853883942803802,-0.39148147673696787
0.901123595505618,-0.10936495629184682,-0.07904270216847506,-0.3924738629345262
0.9023751560549313,-0.10970877914743808,-0.07951656146059759,-0.3932893949706842
0.9036267166042448,-0.11010655047093407,-0.07995346815078495,-0.3939193963162146
0.9048782771535581,-0.11056193724587728,-0.08034733899508928,-0.39435882965596597
0.9061298377028715,-0.11107524003753382,-0.08069306012498786,-0.3946063170080669
0.9073813982521848,-0.11164341225437813,-0.08098656789433682,-0.39466407912095197
0.9086329588014982,-0.1122602268630642,-0.08122490469015173,-0.39453778631986525
0.9098845193508115,-0.11291658673270442,-0.08140624935261287,-0.39423632447568074
0.9111360799001249,-0.11360095436139653,-0.08152992396726279,-0.3937714900265404
0.9123876404494382,-0.1142998657329093,-0.08159637970566064,-0.39315763229392375
0.9136392009987516,-0.11499849536473052,-0.08160716353697645,-0.3924112598634094
0.9148907615480649,-0.11568124917399755,-0.08156486526122271,-0.3915506238372222
0.9161423220973783,-0.11633236663214636,-0.08147304194951527,-0.3905952869003062
0.9173938826466916,-0.11693651134680032,-0.08133611662172484,-0.38956568387054835
0.918645443196005,-0.11747932873411403,-0.08115924986272573,-0.38848267744901227
0.9198970037453184,-0.11794795546239877,-0.08094818488626648,-0.38736711389097556
0.9211485642946318,-0.11833147195029553,-0.0807090680812175,-0.38623938729640567
0.9224001248439451,-0.11862129049023941,-0.0804482507647629,-0.3851190257405296
0.9236516853932585,-0.11881146941794118,-0.08017208384555613,-0.38402431544384463
0.9249032459425718,-0.1188989445679648,-0.07988672212587962,-0.3829719802617791
0.9261548064918852,-0.11888367539811263,-0.07959795626534266,-0.3819769325966038
0.9274063670411985,-0.11876870887234015,-0.07931108694604569,-0.38105210780004595
0.9286579275905119,-0.11856016347596139,-0.07903084856143656,-0.3802083874533331
0.9299094881398252,-0.11826713084634495,-0.07876138204021224,-0.379454608135305
0.9311610486891386,-0.1179014893973559,-0.07850625040899228,-0.37879764278126304
0.9324126092384519,-0.11747762536152415,-0.07826848615311226,-0.37824253482807246
0.9336641697877653,-0.1170120602910295,-0.07805065611327432,-0.3777926640194671
0.9349157303370786,-0.1165229870414193,-0.07785492824429965,-0.3774499259365832
0.9361672908863921,-0.11602971806777687,-0.07768312598069704,-0.3772149110522324
0.9374188514357054,-0.11555205435009905,-0.07753676042706496,-0.37708707150273546
0.9386704119850188,-0.1151095935883914,-0.07741703660574885,-0.3770648660813286
0.9399219725343321,-0.11472101167284786,-0.07732483522491661,-0.3771458766260908
0.9411735330836455,-0.11440336686076087,-0.07726067506051155,-0.37732689047793294
0.9424250936329588,-0.11417148241496214,-0.07722466411414913,-0.37760394377308587
0.9436766541822722,-0.11403745475069678,-0.07721645090658354,-0.3779723211993177
0.9449282147315855,-0.11401031582547992,-0.07723518931165098,-0.37842651190853094
0.9461797752808989,-0.11409586029807878,-0.07727952936692675,-0.3789601291083504
0.9474313358302122,-0.11429663192589784,-0.07734764227594805,-0.37956581023657837
0.9486828963795256,-0.11461204751662647,-0.07743728195901782,-0.38023512159969236
0.9499344569288389,-0.11503862346764676,-0.0775458800953868,-0.3809584932491841
0.9511860174781523,-0.11557026526570742,-0.07767066720195287,-0.3817252068946321
0.9524375780274656,-0.11619858539299194,-0.07780880844268491,-0.3825234535334765
0.9536891385767791,-0.11691322590777652,-0.07795754071380097,-0.38334046993730153
0.9549406991260924,-0.11770217339659833,-0.07811429837502033,-0.3841627556638652
0.9561922596754058,-0.1185520628644091,-0.07827681740441489,-0.38497636507937943
0.9574438202247191,-0.11944847282972283,-0.07844321035290225,-0.3857672605714362
0.9586953807740325,-0.12037621709377852,-0.07861200761490961,-0.38652170393105784
0.9599469413233458,-0.12131964037926274,-0.07878216375459784,-0.3872266562554463
0.9611985018726592,-0.12226292584889495,-0.07895303000990653,-0.3878701551053923
0.9624500624219726,-0.12319042124594085,-0.07912429599341983,-0.38844164011991317
0.9637016229712859,-0.12408698564891231,-0.07929590514169374,-0.38893220427607444
0.9649531835205993,-0.12493835175872178,-0.07946794963891392,-0.38933475807974094
0.9662047440699126,-0.12573149156039123,-0.07964055252106514,-0.3896441065801978
0.967456304619226,-0.1264549678704714,-0.07981374734085442,-0.38985695099536544
0.9687078651685394,-0.12709925221645302,-0.0799873669402401,-0.3899718357380615
0.9699594257178528,-0.12765699025047192,-0.08016095218913008,-0.3899890661519132
0.9712109862671661,-0.1281231976449034,-0.08033369120768921,-0.3899106208187867
0.9724625468164795,-0.12849537334009123,-0.08050439901309028,-0.38974007503163344
0.9737141073657928,-0.12877352488620886,-0.08067154277257048,-0.3894825410515158
0.9749656679151062,-0.12896010830251228,-0.08083330947821982,-0.3891446188939552
0.9762172284644195,-0.12905988695447004,-0.08098770702596805,-0.38873434177312677
0.9774687890137329,-0.1290797128948855,-0.08113268846428792,-0.38826109589538443
0.9787203495630462,-0.12902823611158312,-0.08126628863052121,-0.3877354951746528
0.9799719101123596,-0.12891555243765546,-0.08138676077253296,-0.38716919511166414
0.9812234706616729,-0.12875280513497295,-0.0814927003791984,-0.38657463562919864
0.9824750312109863,-0.1285517559490451,-0.08158314547591523,-0.38596471172790525
0.9837265917602996,-0.12832434051431985,-0.08165764580848175,-0.38535238320506676
0.984978152309613,-0.1280822236262009,-0.08171629625366324,-0.3847502464301724
0.9862297128589264,-0.12783637117096505,-0.08175973234800261,-0.3841700980119542
0.9874812734082398,-0.12759665324529829,-0.08178908918494428,-0.38362252061466284
0.9887328339575531,-0.12737148975062476,-0.08180592921796258,-0.38311651692065085
0.9899843945068665,-0.12716755385293307,-0.08181214718072094,-0.38265921214284343
0.9912359550561798,-0.12698955909655887,-0.0818098597780795,-0.38225564051787897
0.9924875156054932,-0.12684016033676832,-0.08180128622358146,-0.38190862660339625
0.9937390761548065,-0.12671999014350052,-0.08178862542404426,-0.3816187674696707
0.9949906367041199,-0.12662783692889215,-0.08177393571561745,-0.38138451721775773
0.9962421972534332,-0.12656095650403307,-0.08175902214809004,-0.3812023712208313
0.9974937578027466,-0.12651549481467772,-0.08174533613452434,-0.38106714461962193
0.9987453183520599,-0.126486982967795,-0.08173389549658606,-0.38097233764336375
0.9999968789013733,-0.1264708502615825,-0.08172523779906776,-0.3809105779701267
1.0012484394506866,-0.12646289568406185,-0.08171942127249375,-0.38087412663255543
1.0025,-0.12645966393623717,-0.08171608382467489,-0.38085542936158306
